seed,sample,ranking_score
1,0,0.22494188013347965
1,1,0.213120179549816
1,2,0.22235288173476622
1,3,0.22058410102467865
1,4,0.2067778036116363
