seed,sample,ranking_score
1,0,0.22960499115494137
1,1,0.2164755028738165
1,2,0.21147707092537588
1,3,0.21759089619665153
1,4,0.1997833502517137
