seed,sample,ranking_score
1,0,0.2414492770682919
1,1,0.21736065360348794
1,2,0.22466232439347572
1,3,0.2319635261053549
1,4,0.2168383015766845
